name	original_sha256	patched_sha256	bytes
DLCVO.bank	59f48f84bc3674ff8a9e1cb790a754547b943e407e678072f0d38d9d2258b66f	64e7bac17d67944604cbcfb8677994761b9ba4b8605fa73bddec841bf96be47e	464913536
GameAudio_Beffica.bank	8f35d9f659ce0aa4097d890a6272234f8dea87e24f4a40154c053b032f408b41	677e104660a8bb0b8bd9bf9bd64e2ff2fd8a4e15caae59394f032f9eb6890c16	113384822
GameAudio_Clumby.bank	6c9ee15d2fa62e8c07618ada2d8947cbe1bd2a06325ab3be47d296957b8ddd3e	cf523c80ac69372c18357fe63c73d3dffac4d1ef8e2c6dbc6fd8ded2c1c4f3ea	35394890
GameAudio_Cromdo.bank	d24bc865d1f9d2121c42280597d1965dbd1323b671768297569f594f182e4bc0	20453348f3b5704a3ea43a5e12f3c281a864fd03221e62398c14029edaf8ce2d	96882652
GameAudio_Eggabell.bank	33ee77e3c3977ddb79cd7a381cbf0508c880f365e0d21099f5365b750e753dd5	e96ddfa55ec46f7910298cf9e72ccd6defdf2581e7de4e5aff0121fbe40289bb	57602600
GameAudio_Filbo.bank	e2c88b321a1ef9464eb77a7e794c0c5394bfb9245b6a30c7d6d3c96db75d3e9d	465b1409a60d4be626e99ba38e9dd13f12e9118ae40ff61fb91063ccbec7d5e5	135951276
GameAudio_Gramble.bank	666148913f29ab0e8ef27d476670731a1e8c8a4421cdfc2cd7aef40fcb87535e	58cf412e006a83d2e1af4ee43fb0a4218ff92ee628798972c8c4e350947cb195	105200630
GameAudio_GrumpusVoices.bank	19ccde1e9cd287ec85d01a1f7adccc79666e014c01bd43dddb334def54458a35	5fcf1699be8f1dec786055a958b963884d8584d692e825d2808b07f5312481c1	11940948
GameAudio_Lizbert.bank	5ed01a071bd58daf69020331681baf618fa3e3a9188d5892d85e89e71a137c51	b16222a871079c06e8d068b0c69bb8884f4b606a7dacc1f68813cad091e5d3a1	51241484
GameAudio_Triffany.bank	877e0e4977f3c63fc85df5900228047f2c4488378366dba9be2551b2b48b4e05	1c2d00b5ac6dadaad0a586f3a717b3f239210983a29e00e21fb49ad935b32126	112439740
GameAudio_Wambus.bank	f72f6d3fc4e2ef03e57a0da710f44f33a04874537f53e82c825a9ae78260a8f7	9b9e27919533211bc8b05359b55e48935b1edb3fa9bde227d235184ed570d592	123726540
GameAudio_Wiggle.bank	5feea47d5479fe7f5d712ca7888ee18b5e1b3332d7ccd3c46f0cc5624459ab5d	c625dc4b845d13bd7b0a1c6b54f0e69e711785312894a26d6bf584dfbb1d8276	202237908
GameAudio_Chandlo.bank	6f8290a2834ecbb8706db106a10347000ca00ce16fbf9893c24274f1e9e91636	1c82f1e8e16db8638e896ee2748be38523267548bc52b3e1d06990352ba137bc	130467890
GameAudio_Floofty.bank	a6233ee8f01f9068cafa86659692e34fb25ef16ee1c51fc245936932b24a17cc	7f37134afe60b7a80c918ecb2a4d7bcbd9b619378cb74ef2b01f911893cd8575	85239872
GameAudio_Shelda.bank	e654fd74ac00a83e2c4f0359ef42c77960cad94861a8e66315afc8457cdbd1b7	df1d5e7f3deae24b3d7192a6e38a44fe0c550c65771816adabcac51bd8b83045	101052202
GameAudio_Snorpy.bank	e9847c8c77c25cad4967df2f9df9ef4e0971308ed4512521de6919b6c02912e6	d4ca8a84fb6aeea000d7932ab416aaa121405531722875d88aa1adbe1a478f33	114309280
